0,1,2,3,4,5,6,7,8,9,10,11,12,13,14,15
0.3922119814518944,5.837769949968263,250.0,0.22998059682676109,0.00039223148891580177,-0.006474140400668958,58000000.0,2.7935416436475613,70000000.0,-9.868970006934532,2.148610673734787,-2.415736249838486,2.4072092546393677,0.7181288513711621,-3.748759799913311,2.3394975820698316
0.49520952898658255,11.992596369129558,250.0,0.22609419418053422,0.0006219754384089653,-0.005274740827938173,58000000.0,-17.587760143525106,70000000.0,6.115493321765045,3.8487607106208324,-3.533889566086116,6.652171166854377,-4.833164120842172,-0.6933198352458096,1.462340958223436
0.30113412119444793,8.6383195936485,250.0,0.24333730544816157,-0.008845629276538028,0.0013933586355170495,58000000.0,8.552221893557954,70000000.0,1.0505216785969873,3.8652593921048535,-3.05454868805409,4.825720755899141,-2.460150248582241,-2.8350562523079157,2.8765131218014006
0.39075997714352356,7.810694837692025,250.0,0.2351517661590967,-0.007677542325430867,-0.004527273658472863,58000000.0,-0.9725623265578438,70000000.0,-3.393758005734835,2.9294518898380377,-3.5739354792208147,2.91920303880043,-1.676486151843494,-4.781595545835579,2.850894499477966
0.4123029233845993,4.657123391822218,250.0,0.21391972557580843,-0.008747157828358994,0.004870813450528725,58000000.0,-22.902457090960105,70000000.0,-23.652638708711493,2.443465055230432,-1.0473150466862624,5.12017252426906,-4.799831895069643,-1.9145664524672814,6.542289404912426
0.4557467084788241,9.665185415746691,250.0,0.22057353366035487,0.00997631839536666,-0.008743890083606173,58000000.0,0.2729061150304134,70000000.0,-6.328662595277834,2.3328164992410025,-1.2412175853975844,4.762897667135889,-1.7460550897112574,-4.495508580607806,4.40053825790039
0.3478112860650172,9.91236625492664,250.0,0.2347925520396698,-0.00927246837275389,0.007935317283325765,58000000.0,3.1730828960155626,70000000.0,-10.393850664002397,2.988399960529031,-1.820163293174204,2.5945410775832918,-5.227573405448269,-3.820545746427009,2.8914562479908765
0.3802522631934707,7.703765170247234,250.0,0.23872429164070483,-0.0006694131920857529,0.003413270374768941,58000000.0,-23.663668051638904,70000000.0,-22.126498049800627,2.639915309230765,-1.992971204859325,3.8856267942926728,-5.320703897094554,-6.193995235156466,3.598045756048274
0.4922814220284934,4.266332983685432,250.0,0.22984726431469754,0.007585510842976873,-0.0027687220967642385,58000000.0,-12.496416430455222,70000000.0,-0.1657757725893826,1.643440248956287,-2.773619052460572,1.844639832291706,0.3428451799216887,-3.6400525028701156,2.591190084296787
0.28168901675093233,11.529514283256217,250.0,0.22573066635339228,0.005419930429743911,0.0009269885549554862,58000000.0,-14.583227442279576,70000000.0,-3.695746333842342,1.468174182355277,-3.0223463059938727,4.1597873398418095,-4.246654286426233,-3.60615744368067,2.738326522328213
0.33831055778952906,8.923611667513022,250.0,0.23075256336827377,-0.004730523664142078,-0.0006334917108577901,58000000.0,-7.77536251236955,70000000.0,-5.9571919617744244,2.525105447361765,-3.5331517884861556,6.215620812095683,-6.356464050695706,0.7437511237404735,2.2481028355153936
0.38617153778362523,8.203724027114454,250.0,0.22911203298839994,0.002251518746351251,0.004072744854675258,58000000.0,0.5762745934717666,70000000.0,0.6561135355347334,2.4271767337006507,-2.376805217836867,5.340948171136697,-0.9307877499144688,-2.791778345977276,1.9622835193490553
0.40386138625060986,9.873906114836677,250.0,0.22726690676044273,0.00328691672976393,-0.006152112884852525,58000000.0,5.536207269800531,70000000.0,-6.730315354804173,2.322571966584716,-2.4072779439619207,4.51896792822855,-2.9374623659586003,-3.500397920796356,4.922760072818976
0.4648601815160911,4.219971888542817,250.0,0.22435363090160498,-0.0021099408098077792,-0.0031880772827134396,58000000.0,-15.33813393134588,70000000.0,-11.718192131463137,3.145406608658763,-2.3142048632229146,3.6411400122962085,-3.81394592888503,-4.46106798410901,1.3063236966457794
0.3483711792403746,9.280596357727108,250.0,0.24355912735554014,-0.000894358104278575,0.008349372123177207,58000000.0,6.198060922511035,70000000.0,9.063298604675614,2.7119729116663116,-1.7014445656131696,6.229464252091457,-6.227672156401299,-6.9846262778077035,2.0147933885387523
0.49320446753034186,10.135423814132366,250.0,0.23125285052095298,0.001019470969860205,-0.0007445708410366673,58000000.0,-8.096581806773457,70000000.0,-4.108056421098683,2.45936537840205,-1.9481374558306142,3.9720784130073215,-4.2526435583000595,-5.090028702717145,1.5311446695932664
0.2930591070132656,10.100883420296727,250.0,0.24553238391991267,-0.004581944141844885,0.00797293183638851,58000000.0,-20.933157757911623,70000000.0,1.226072055334515,2.289118340308409,-2.117362786499325,2.8064538193479667,-1.7450693342287735,-3.4607752453495815,3.1968039637100834
0.29912193121271574,11.451805318862776,250.0,0.2344980399895432,-0.006619943551570224,-0.0024266527091748123,58000000.0,-12.807740319387843,70000000.0,4.2057258418553385,2.797894071675162,-1.016325209191212,2.9146502241765573,-2.9451885688146535,-2.6698283858726883,1.9240800817039942
0.35434981924817904,5.00138333167361,250.0,0.21624416387284023,-0.0024948803285384192,0.0021919005988953475,58000000.0,1.1945128638672926,70000000.0,-18.079109763915753,2.8568073321469374,-2.056149140763207,4.785180452906096,-5.154061123387374,-5.452947102444366,1.7169611562827358
0.46613017568975357,6.857815495660296,250.0,0.2358291707521354,-0.0003677078984767611,0.003418597178335328,58000000.0,-22.816796416988574,70000000.0,3.0307808746593117,2.4953415756545687,-2.257086055921898,4.226884872220629,-5.377161530064306,-5.941509483024458,5.34730899973691
0.479053448760997,5.016555476184745,250.0,0.24677115710152686,-0.003481024170666382,0.00379950427901757,58000000.0,-16.382612318581227,70000000.0,2.4296747989029726,3.8586706720812707,-2.77776952637059,4.210514870605866,-3.3607259375817997,-4.68093949302162,5.801181156592824
0.4377622924762697,3.28558059758911,250.0,0.2289498388210797,0.0084588416296182,-0.005048672555489405,58000000.0,-12.50983393402912,70000000.0,9.03348701824807,2.6946115066259066,-2.7681379808355513,3.2309600481907057,-3.2872990806189932,-0.9802499419957,2.1583627680895416
0.2974080130217066,5.227930345010335,250.0,0.2448290758522273,-0.009526248087963625,0.00591906084034817,58000000.0,-13.883522453080364,70000000.0,-6.385451646377274,1.6358444095342444,-2.1110135198953217,3.666964169130508,-2.0753255139307387,-3.7388730637288,3.3797673547078646
0.32770488601416525,5.546565065620226,250.0,0.23180959266714246,0.0023164708195011594,-0.0060772199107717775,58000000.0,-0.7942437131224169,70000000.0,-17.666595922195675,3.259282386189855,-1.9436187846188115,6.328151272655116,-4.195116219680254,-1.5114894798880032,1.3781782849155548
0.3555619874736243,11.410397872803985,250.0,0.22934675936162743,-0.0010682690145672883,0.0071917538615676405,58000000.0,-17.46466648976312,70000000.0,7.426918850988629,2.613444268204902,-1.9452155329236462,4.970582538963788,-6.846037580382042,-6.448859384296013,4.517237054506509
0.42684205816846127,4.832926745272214,250.0,0.19886785865111392,0.0053043495453918635,-0.0018585026819307425,58000000.0,8.89169541647873,70000000.0,-23.993352016724497,1.4240284411581818,-2.5683543275715683,4.1072122219379334,-3.06949032343173,-2.870802692998342,4.3279448902500794
0.49499711914895644,5.653666871534269,250.0,0.23921986813341348,-0.003782571337130588,0.0038181733956433777,58000000.0,-5.17128287013101,70000000.0,-20.976675388156742,2.2986024714357702,-2.3570651941497576,3.8063540090344596,-6.390155572714402,-3.4711969134565743,4.430850954106832
0.4769710983575348,8.245251651852978,250.0,0.23507832621758756,-0.0027238536107979903,-0.001053456196469623,58000000.0,-24.506019296211534,70000000.0,9.66288846718627,2.605914240237108,-2.1298963026703364,3.6692786369609394,-4.257011577484687,-1.6121439880043857,3.724804251398679
0.4686653099590159,4.856382902631931,250.0,0.21942968197413065,-0.009803936508041998,0.0028598383978172574,58000000.0,4.552184617296142,70000000.0,-9.419583923717692,2.393620159562203,-3.273624491606442,5.3662348160411835,-4.496334691233886,-1.2576525092628135,2.5476624698844645
0.4480284904821073,6.315794959265232,250.0,0.24059507145337716,-0.003860674890849037,0.00025296134038071266,58000000.0,-23.443506191394093,70000000.0,1.4047645446601056,1.6084849346742014,-2.2691138581371995,6.908827406614887,-5.406254645991678,-4.6680976802665075,4.365188517117176
0.3522399253650074,8.4294849437517,250.0,0.21871195881980549,-2.4300499347395133e-05,0.00782402638257621,58000000.0,-15.689903581946748,70000000.0,5.857322309382193,2.9824067269722865,-2.1992507760148565,2.9321383432601893,-2.5067021854356226,-5.654965050062977,6.91015031431826
0.4935843285093555,5.043139417716155,250.0,0.2366225762758804,0.002235007676961779,0.008375229039310919,58000000.0,0.8331544564555462,70000000.0,4.754715512119009,2.7820973374332367,-2.38724561557959,4.008188225761696,-1.8674828157294359,-5.554668920664925,3.6476633507425964
0.3536185325749212,7.76912884477251,250.0,0.23913924176671586,-0.001119800667635974,-0.0070478565969751975,58000000.0,5.559966005721618,70000000.0,-22.126498049800627,1.991720622166012,-2.0027318424831324,3.8827817422083144,-5.262288075678895,-6.194516983116276,5.681249730599722
0.48040731305581746,5.1944478308479,250.0,0.20999734776827855,-0.0061709713167691724,0.0009269885549554862,58000000.0,-21.455890538285065,70000000.0,-0.8692831568874206,1.0898725696651252,-2.962541920099983,5.049570455274128,-4.318158404305307,-0.27959650304875705,2.5254298662576056
0.35929860614459797,7.42261897129712,250.0,0.23981761302177818,-0.009652821170293226,0.0028664499546043336,58000000.0,7.3351301710621115,70000000.0,-16.06669256277388,2.711730249153187,-2.0548570756864577,4.351534264332432,-4.982300729231512,0.13514137780755497,4.3629850630460965
0.4520362301937413,6.572693059674036,250.0,0.2357418753550548,-0.0024313318417890297,0.009542867706854955,58000000.0,-22.99051186370265,70000000.0,6.268636152071957,3.831554901129256,-3.3974096201920045,5.749705139001242,-2.465408872737945,-2.69381941928496,1.6011730454612818
0.4332294306972508,6.8589843882951405,250.0,0.23797322196967968,-0.0077387707942548675,0.008025625458071858,58000000.0,-6.594502783553057,70000000.0,4.28266338992135,2.895035535126725,-2.6344141137672374,5.742964974294734,-4.828391673050972,-3.137483987885907,1.1403150784028344
0.4944067918147736,4.591793528889615,250.0,0.23821089284744523,-0.00614831622105892,0.000887381876932599,58000000.0,-8.311971697600082,70000000.0,-0.3991753346874445,3.6296974105230544,-1.0819340973142604,2.0900832780133376,-2.9612157654747158,-1.9110818542550954,1.4673359055171034
0.45844890228891866,3.8903606259120376,250.0,0.23379767922139713,-0.001981966207120382,-0.005479417790274705,58000000.0,-11.722393044835155,70000000.0,-7.460065026667521,1.8668881337597045,-1.900763984941699,6.756038177614389,-0.16410989399947784,-2.7316001957733826,2.6641081794206922
0.4569047781867324,7.070912224810379,250.0,0.23772973834353214,-0.007880576955513391,0.009850683364825863,58000000.0,3.690722406577427,70000000.0,2.466092014840268,3.364681699145621,-2.2899274663431157,3.8078207772275534,-3.115034193000244,-2.6669877273038822,4.715983300563676
0.4833980816982179,6.030825790457493,250.0,0.2271354670017147,0.0029349465961409898,0.00033195015145352975,58000000.0,-13.539511936204072,70000000.0,-9.76565273983162,3.6713289211516726,-2.066522033964012,6.176802420769878,-6.029232919319018,-3.867205247131528,2.5649744545099855
0.29411178977776214,11.078313369858769,250.0,0.24601091193979177,-0.002804563088896112,0.0021674559590585834,58000000.0,-21.812739528544036,70000000.0,-6.418451480826681,2.279090751392412,-2.4034985396993735,4.515615168133255,-4.909435101044562,-3.4837573588093664,3.808631121510452
0.47571277466944206,6.862609504130202,250.0,0.2360455095445995,-0.005120417116160131,0.00940157883753873,58000000.0,-6.7644318425919705,70000000.0,1.6985127083580975,2.5389001672588334,-2.071432633605222,4.219097829111737,-3.2004495244651068,-2.7876628757556747,4.7143145202112615
0.4422275292641271,4.131409599967771,250.0,0.23677743148653008,0.008812992798578155,-0.0013220945059687532,58000000.0,8.213262158334405,70000000.0,-9.479519846393682,2.573096396156659,-2.936275406496524,2.3267676199438774,-3.3053652462078476,-5.447032803950648,4.703282320427006
0.45710014319252623,7.670462604147939,250.0,0.2425531037307248,0.00014086769192073667,0.0013596110078044677,58000000.0,0.9029424716607306,70000000.0,9.018010444362226,2.4501813658984397,-2.631854652517187,3.4758735092252357,-5.762152698659574,-6.072272189099805,3.4347610236816855
0.43871720013070725,3.804778937101602,250.0,0.2339001274338123,0.0007635387174603631,-0.004535321423641202,58000000.0,-10.26568205050688,70000000.0,-6.2853935938777115,1.7061222264573996,-3.5385813473585053,1.1136603934593905,-0.5179826108330547,-1.1190242237310741,2.329315672149568
0.3649939856201454,6.28738868024828,250.0,0.24409982735080515,-0.0061627681274086035,0.005761521975712981,58000000.0,-7.620623612468508,70000000.0,-1.6278338936094814,2.811897772792476,-3.233167498147668,3.1031880027527228,-3.9611527634963037,-4.095626182137208,2.4316877773139556
0.4167361554900833,3.0528373046269874,250.0,0.24612586670946912,-0.001978482458504658,-0.0063796886680632815,58000000.0,-20.546403643730528,70000000.0,-8.937220409854461,2.186560973585652,-2.0634586967516486,2.605141040424626,-0.8007360032067412,-1.8241711509964036,2.158320398174301
0.4366166330490189,5.506065473854627,250.0,0.22930934901264763,0.001559042024259094,-0.003580406404645926,58000000.0,-24.22089130598864,70000000.0,1.0069436142329478,2.2966233722570233,-2.323318370089872,3.8841271112188847,-4.885876795829602,-1.3046001411957837,1.1934218735289774
0.34636854350109697,8.503842159089345,250.0,0.23731742905660527,-0.0034799016965584737,0.0037554675944373598,58000000.0,4.948967625264121,70000000.0,-17.62279867617906,1.7923595048248475,-1.6921854568225927,4.100378976475292,-3.6076372567489012,-1.9355240520925892,1.786968058534312
0.42995712396715713,8.125794448728154,250.0,0.2436557468377391,0.004204709884753997,-0.006917323860889614,58000000.0,-11.910743657007306,70000000.0,2.170225923177032,1.7060890455193523,-2.7106739140416614,2.808307023869429,-1.4423641708150208,-3.7184336381784613,5.8948390338277505
0.4987930563683352,5.1599252134367575,250.0,0.23227368218298047,-0.0009324274346108156,0.000744485245748553,58000000.0,1.3555943479413113,70000000.0,8.005430404652722,2.706335277121841,-2.3510769373502156,3.2248145401246284,-0.9291347740153892,-2.2039901411004537,4.102468343322909
0.4288826984415191,8.349466129207896,250.0,0.2428343195491677,0.004370178366430879,-0.004620791570507848,58000000.0,8.937293858954261,70000000.0,-17.696579203315142,1.770164571487487,-2.034673867335514,6.911271420614916,-2.825733815056516,-5.330760900678232,5.898127753188386
0.47496966551100456,5.4976785353501905,250.0,0.23782867827399717,0.0003318515011088716,-0.003839371850643801,58000000.0,-15.936775657302212,70000000.0,-12.369357682270758,2.969945101966175,-2.4770676977353325,2.132915473001343,-4.694911234603864,-2.736991984152379,2.444985245378909
0.443316162335562,4.943143514125071,250.0,0.24173090587386364,0.0022764661443909475,0.0037704298145071367,58000000.0,-12.248517965304739,70000000.0,-17.194810377065245,2.381413753837998,-3.2373481163888576,5.3428182009395195,-6.220366406390887,-0.668047294698923,5.676027635018276
0.48713397758775545,3.9504581631106856,250.0,0.22936507578549295,-0.002147393712672638,0.0022477837615881274,58000000.0,-17.046575883020193,70000000.0,-24.648061759359898,2.3895801910521426,-2.266323338771601,4.175690225269377,-3.501334492988123,-0.44318028489627115,1.869012656002691
0.49259205773315434,4.20065036977048,250.0,0.2397923489624705,0.0006990855799255086,0.00024857520198377217,58000000.0,-4.978845587661897,70000000.0,-1.6136208189293615,1.643440248956287,-2.818957796667514,2.2117336923225235,0.3428451799216887,-3.2806183713237584,2.591190084296787
0.4182574233751359,4.318249613392548,250.0,0.23718179711985138,0.006066729101276725,0.0018300994782696567,58000000.0,0.3146094218197757,70000000.0,-12.870212533074326,1.1633409456404737,-2.5682375862372355,4.535671628493628,-5.440529123154327,-1.3315987516216747,2.047046044041271
0.4988318469937351,4.219971888542817,250.0,0.22453921710064947,-0.002576597679956585,-0.0031907394872383336,58000000.0,3.5399288484736733,70000000.0,-12.001998017837618,2.8132629661288875,-2.31364262349508,3.6535076488537874,-3.2370520810664156,-2.879284586694102,3.2834110969232384
0.4931444427077918,3.9818020753663674,250.0,0.22993689401504366,0.003151629534030587,0.009116870039038664,58000000.0,-10.417200933134964,70000000.0,-11.98750297820326,3.7986341076021044,-2.477762271583044,1.844639832291706,-4.266192429421249,-3.5939437760746715,3.5758953451024285
0.4423157074434496,3.096673165786383,250.0,0.24149876246802904,0.008218727235012132,0.0015405654438249144,58000000.0,-18.80130430332221,70000000.0,8.497665357259688,3.870875143047024,-2.7745509975884413,2.8238209209562295,-0.39331071361671865,-2.7063233167379552,1.4849317870584855
0.4925919458137974,3.368045323859716,250.0,0.24786727560479435,-0.009049751227945288,0.0044757190240456365,58000000.0,3.8348252581665347,70000000.0,-9.439829618530785,2.8855201076686274,-2.8270494600881677,3.90296495283818,-4.503098929161253,-6.793922294078207,2.8146850649978634
0.45744287487465335,4.150248066345115,250.0,0.22984726431469754,0.003961370406372082,-0.003003220657915591,58000000.0,-16.20693383772711,70000000.0,-7.463581230984649,2.973930171062242,-2.8441072271240206,2.0564965372269914,-0.4297477262954654,-3.5243646832466884,3.5676374681925713
0.4960822192920889,3.9669978511663246,250.0,0.23942267377032606,0.0030213295125929344,-0.00022165138274674403,58000000.0,-16.235771503690497,70000000.0,-21.191647993914536,3.806875176313417,-2.6646370912069877,6.798762165902445,-5.317175082934318,-3.210924764271625,5.214747691180719
0.4498436482012449,3.111688545870906,250.0,0.2405115566788617,-0.0015741515219920938,-0.000724449564277359,58000000.0,-22.57257379426976,70000000.0,-20.03801292679694,3.7836273896182533,-2.9610775568990277,1.853309156018005,-4.387625361964888,0.6624796415899277,1.4398853513931478
0.4573169852109395,4.3206246140067845,250.0,0.2436115831613678,0.0008660399237853035,0.001420700034025462,58000000.0,-7.578914969411819,70000000.0,-10.76847969842749,1.812729367421809,-1.2532149253568792,3.3750857201887117,-3.6035011610521996,0.09470518801322059,2.5723173561705606
0.3760403095519169,4.873057349457295,250.0,0.24159666080534214,0.0022740844555502624,-0.00028117415226258446,58000000.0,-16.1109631426225,70000000.0,8.407403159235209,3.73516170907679,-2.6698932367885653,4.293965725349099,-3.492548250562392,-4.788000106455953,3.723198424126444
0.46290396551081875,4.201903873196391,250.0,0.226286697209177,0.007107161796888167,-0.007241270567718786,58000000.0,-10.531132223743263,70000000.0,0.36820751277798447,2.5600257864859133,-3.616846513652361,6.8282307748114555,-4.4441865806870435,-0.5560283306718015,3.595423702229689
0.4925919458137974,3.3154272156114084,250.0,0.24786727560479435,-0.009049751227945288,0.006388316247081178,58000000.0,3.8348252581665347,70000000.0,-9.439829618530785,2.8855201076686274,-2.8270494600881677,3.9031903596303223,-4.503098929161253,-6.793922294078207,2.780578863428114
0.38481459761109676,3.298427960314445,250.0,0.24408341685560891,0.0003009370716255807,0.0070518538959714345,58000000.0,0.9017460851082952,70000000.0,-23.02431156483368,1.7810793420893118,-2.4852333405566287,3.3557183569989606,-4.006898721524785,-4.05376730655766,4.378810786253299
0.3777549179335137,3.3218419604613496,250.0,0.24390195696001324,-0.005618020774730942,0.003980178498055192,58000000.0,-14.35325438994725,70000000.0,1.3403525413060642,2.204670843292073,-2.4093579118503508,6.201896925260826,-3.33909885322555,-1.8256444110802643,2.1618921886527427
0.38680960824842275,4.380059878900746,250.0,0.2431972498645406,0.002258731277770082,0.0013754042958303942,58000000.0,-21.477081864761736,70000000.0,-1.2759240331289483,1.8070318989881957,-2.1022927675360226,3.1237400976192853,-4.8537392452291535,-4.023834965280061,2.2431698268791824
0.48396877486301904,3.580371325264291,250.0,0.23660133722045126,-0.0022034121956301935,0.009542867706854955,58000000.0,-22.565957197414857,70000000.0,-19.90015343660761,2.8304265617352096,-2.6225102716142494,3.2312165431951643,-4.115125437933382,-3.0914702509801146,1.7043823870149066
0.47248587560469407,3.0249472612254467,250.0,0.23523910039515614,0.0007650774421526117,-0.0056375408227521875,58000000.0,-11.907267619762749,70000000.0,5.819879314891483,2.863956711197041,-3.3968711688961175,4.913341821032491,-4.878781247730683,-1.3112547402623616,1.7467457617189468
0.498292216263416,3.3204457498987674,250.0,0.24406751072130586,-0.004954595014721444,0.0002767442708534779,58000000.0,-14.343960938548818,70000000.0,-24.866457408495688,2.1925915129127485,-1.8917129329582942,2.6652943967742226,-0.17123958954981466,-1.8241711509964036,2.12996848106419
0.45349158078996216,3.4191798812214995,250.0,0.22854814782249955,-0.008657569919093305,0.008195695384298653,58000000.0,-12.495749055242412,70000000.0,-19.144955376557725,2.2668142258063524,-2.6071117502011942,1.0048876084080611,-0.501086699296256,-1.020954144512093,2.804890364329934
0.4272703488019974,3.0084917133711437,250.0,0.22899747043269447,0.008160865699334064,-0.0062478648173549586,58000000.0,-13.442775354936854,70000000.0,-9.865146387039541,2.683722760830992,-2.6198846620268763,3.2468483820786496,-0.8019411578201663,-1.0534759716773943,2.1561835906328697
0.387586740037612,3.3218419604613496,250.0,0.24612586670946912,-0.0017306285346211123,0.006505805233493516,58000000.0,-14.35325438994725,70000000.0,-24.86645633470628,2.1925915129127485,-2.0634586967516486,3.0447969882630064,-3.598611585739344,-1.8241711509964036,2.1618926398918363
0.454181481469119,3.111716997837541,250.0,0.24090692608975192,-0.002552328584654444,-0.003340226298069663,58000000.0,-12.516526623684125,70000000.0,-9.906844674662707,2.3996849063895187,-2.6080101343644326,4.994084081970533,-0.8020548366635566,-6.5590185097730656,3.3386868183375933
0.4881837604528584,3.6862576931023336,250.0,0.24458236494427033,0.00285679752776977,0.002082163908258411,58000000.0,1.7856900871378238,70000000.0,-9.459196961511623,2.8871055585843215,-2.78806146182625,3.821951498305249,-4.512191345067303,-2.738067730186024,2.435700075581958
0.4795072524919113,3.5505015340587796,250.0,0.24525777429087062,0.00308782891490282,0.0002192692599548591,58000000.0,-12.913794934253026,70000000.0,-6.248816410853728,2.80381123896357,-2.941774591390711,5.8996256532583615,-0.9248831348319406,-1.6303951867215423,2.4839394298696096
0.4962735051215405,3.305101231999228,250.0,0.23705195848405916,-0.008770607787103538,-0.004786706744950029,58000000.0,6.72775799870913,70000000.0,8.233620163555976,2.567960087350513,-3.0010872120254977,3.937392205677252,-5.563400662094329,-5.447032803950648,2.784590342060599
0.47392923822017363,3.05966673214773,250.0,0.23982113223683824,-0.003966299059516496,0.0023495343070329203,58000000.0,-12.344333682274328,70000000.0,5.647005046189233,2.8431064338637104,-3.387086752528048,6.924149954972741,-4.154569306140074,-3.6060496477285886,1.7290301304408586
0.41498358631086535,3.011619648197804,250.0,0.24656145196007048,0.002999189012745649,-0.0016446126155990936,58000000.0,2.161156390815353,70000000.0,-23.28019429486742,1.9518650912972153,-2.5559899127565764,3.9902860590662783,-4.865503817047099,-1.769491640090802,1.3128372563584694
0.44224608038909086,3.0084917133711437,250.0,0.24054819936351612,0.008486806654598396,-0.0035796907621205108,58000000.0,-8.63158329838223,70000000.0,-9.88380500377147,3.0245639289828024,-2.7785529815261722,5.385062870420202,-5.475326548067777,-6.583410241340282,2.1583627680895416
0.4539357622240962,4.4013272753095976,250.0,0.24288826288094587,0.0036205393321827313,-0.0003453113997372193,58000000.0,2.046993140926925,70000000.0,-14.096589103362748,2.8461903215986255,-2.8631005417788167,5.356103142506067,-4.561795255536435,-1.5116114405082302,3.0371339376659585
0.36553473668467,4.779383602468834,250.0,0.24802410232491337,5.55180772605305e-05,-1.2742006180278343e-05,58000000.0,-4.090860819155733,70000000.0,2.5158420828623314,2.8298293601211935,-3.1992618722915775,2.5328416954162174,-5.137211133747084,-2.8605172936391576,2.776566565160112
0.36526620181251873,5.848975776617851,250.0,0.24751923984732327,0.000799087809854261,0.0027273889842665436,58000000.0,0.0385801108277517,70000000.0,-24.0606501248576,1.7341782263175225,-2.2104704080074677,6.710790231631357,-3.870517109894311,-2.767940250522221,2.9522540930215615
0.4367454366100996,3.0084917133711437,250.0,0.24289711862852467,0.007639608874515277,-0.007256497449703242,58000000.0,-13.204546189539453,70000000.0,-21.806991290372192,3.3269816416711233,-2.6041932085747366,3.9960449383985965,-0.708351717739867,-0.9617957285826013,1.6975766421728509
0.393159632597046,4.271202579468871,250.0,0.24644865559209309,-0.0032244033029279295,0.002080813465278036,58000000.0,7.259593959674166,70000000.0,-14.701866503617948,3.0995370550042844,-2.770266460918261,4.136155125944637,-3.2718103341018683,-0.534156875134971,2.1181832441357153
0.4885112682368339,3.0860705400288557,250.0,0.24024076096922803,-0.0025523874074716013,-0.003356916268186307,58000000.0,-16.04207597823094,70000000.0,-21.29432212860852,2.869166430013267,-2.766688427271568,4.988991860655034,-0.7919585259617217,0.2715907892387248,3.4119451167626673
0.49854395886137254,3.620042562160155,250.0,0.22282815274495982,-0.0007487222953000529,-0.0031349860497395282,58000000.0,-16.182948403822873,70000000.0,4.171533458938611,3.153194274426357,-2.927000316902892,6.836713865934271,-3.2900816137874394,-1.3065991177612648,2.703079048020073
0.497647951170668,3.0292310168996828,250.0,0.2351301534317897,0.004142525495237987,-0.009750472849185544,58000000.0,-13.248532916799766,70000000.0,-9.738372247214107,3.8171888372099594,-3.2605389080182343,6.808206375687332,-1.3055502326825126,0.3975447565030561,3.7002856012553966
0.3886115364468852,6.433630825211647,250.0,0.24490653202362703,-0.001429390941789753,0.004108084019388481,58000000.0,-7.590126663025312,70000000.0,1.565761105950898,3.831490978557425,-2.9120171762019043,5.600096640283979,-0.9670779259152535,-1.9235837670691147,2.753325420368219
0.4960822192920889,3.9669978511663246,250.0,0.23994163482092737,0.0030213295125929344,-0.004497764363667558,58000000.0,-16.273565097259063,70000000.0,-9.629538832836474,2.5618299421529533,-2.6641479598604594,3.4486090391276356,-5.317175082934318,-3.850698817626259,5.226695376805287
0.43989939116332166,3.999109288117845,250.0,0.24747575072830924,-0.0021549354610890265,-0.0031809595507185755,58000000.0,-0.17892237820389623,70000000.0,-7.7731463306408415,2.8554590281378394,-2.739591316110159,5.79552693369661,-0.4510257489452325,-0.29528923212286107,2.441918503837203
0.43787556840599895,3.112452151300409,250.0,0.24747575072830924,0.0017679674570875911,-0.006070668638078364,58000000.0,-3.957868806374022,70000000.0,-21.48635338464105,2.8044137983188397,-2.81787619385003,3.8617387749000818,-4.702898914187305,-1.5544362835578382,2.441918503837203
0.44868298507947374,3.727659720236863,250.0,0.24286845827774367,-0.0029570067426943356,-0.006145984928159267,58000000.0,7.331403000007682,70000000.0,-14.734693523707751,2.963739124966743,-2.3843574454043583,3.375355058428646,-1.0999844222026125,-1.0673639475301455,1.7652616995073611
0.49293172586181255,3.3089563788665624,250.0,0.244665130726804,-0.009049751227945288,-0.005385781066945418,58000000.0,3.4361367830208063,70000000.0,-9.386829202127217,2.8855201076686274,-2.8270494600881677,3.9031903596303223,-4.503098929161253,-6.793922294078207,2.4531160197824637
0.48870208625901673,3.2466908836252713,250.0,0.2427530580629643,-0.0030852160728431955,-0.005508687495722512,58000000.0,-16.03944839037767,70000000.0,2.4089033033387666,3.9311093490551716,-2.66409107032931,4.975767684361868,-5.389400902669553,-1.676314046484518,5.331407309253933
0.47265193042547154,3.0054053114732833,250.0,0.24066605448850198,-0.0031318437480846,-0.006268027225133323,58000000.0,-14.248176092556328,70000000.0,-21.440557787344208,2.195742783544499,-2.7681885242986883,3.0292516894339547,-3.3667422366236726,-1.1286502573864579,3.3657168386440874
0.4885717819744375,3.0084888988366227,250.0,0.24598810600529566,0.0070658619462179995,-0.006261716971522796,58000000.0,-16.092427509630486,70000000.0,-4.529902904639693,2.4058325878841726,-2.352989709098895,3.5242059284841836,-3.3478576151147035,-0.17625607931118026,2.1619292309269946
0.4735020342138739,3.111688545870906,250.0,0.24329290771850054,-0.0015872016679243479,-0.000724449564277359,58000000.0,-4.035041483451909,70000000.0,-20.69428050018432,3.7836273896182533,-2.9610775568990277,2.173510597061809,-4.387625361964888,0.8854963794506907,1.192461067583999
0.36553473668467,6.481808650487813,250.0,0.2461422050812948,8.005017685201927e-05,-0.005610438854675698,58000000.0,-14.305962038577983,70000000.0,2.160615990809935,3.172378446957738,-3.417473582897675,3.2424758084080234,-2.5207107760857728,-2.8605172936391576,2.776566565160112
0.4164078947225239,4.27458686844418,250.0,0.24579992206375934,0.00368024213844233,-0.003191037304641182,58000000.0,-15.550189496413289,70000000.0,-16.66893713842193,1.7093155017925876,-2.3223756853318323,4.233485183144872,-3.271494622865923,-6.067743875702093,2.960161876526606
0.48291912426675593,3.0082459528704137,250.0,0.24599529689690208,-0.0026594956729302306,-0.006268027225133323,58000000.0,-14.333901407666685,70000000.0,-11.938385484127515,2.695759809404168,-2.0765253513329363,3.272890549500984,-3.067412134529002,-1.0404110150328625,2.1581926195564085
0.49049247735370227,3.0101642034837237,250.0,0.24047888232493392,-0.003777552372810246,0.0002734069026877452,58000000.0,3.630846727627896,70000000.0,-6.8516758140230305,2.661714782010572,-2.8127268107508914,6.923148673061439,-5.41497472728409,-4.744568053379722,2.4429472227372844
0.45714981694170903,3.2251587356002993,250.0,0.25201200747263097,-0.00342322913127391,-0.006070668638078364,58000000.0,-0.10161966010341139,70000000.0,-21.608164631982795,3.52117918269324,-2.8176618023501994,5.333943081864459,-3.3785550007871556,-1.2910160610383539,2.4793142493750846
0.4538522088277026,3.005786315892385,250.0,0.24300165071314003,0.0035358291882956346,-0.006288063660674935,58000000.0,-11.026398410879358,70000000.0,-21.590853510996396,2.1744523416500905,-2.0562362797102867,2.8550784866244934,-5.164436635464437,-1.1988613203719853,2.192454535144968
0.49823198441317545,3.2670765851241073,250.0,0.24406751072130586,0.003467403411041954,0.007275468072544223,58000000.0,-16.04721126781244,70000000.0,2.5713047941253464,2.1983942362544204,-2.0634586967516486,3.0448834191099734,-3.4958782317159915,-1.8241711509964036,1.7328687673852172
0.4984109570773536,3.0203294859668577,250.0,0.22902560467247082,-0.00784551601059095,0.0023580286260323894,58000000.0,-14.12367791021887,70000000.0,-9.473231572897381,2.71070900112477,-3.474858993005279,3.2547115357957543,-5.360029595199591,-1.0535307223340444,2.141092998886392
0.4573169852109395,3.1831056566545617,250.0,0.24442258109539045,0.0007391637395252452,0.004359519429183771,58000000.0,-7.661404817903221,70000000.0,-6.808481198862694,1.2957111202865295,-1.3182252914475208,2.9658106730840346,-5.56978442181423,-6.146836510544766,3.3028546186782073
0.4762165243575254,3.021499993200305,250.0,0.24054246278682942,-0.0020450349814264994,0.005337054596345734,58000000.0,-12.357867819065888,70000000.0,5.843275658636184,2.4319542509225363,-3.387086752528048,6.979279404509518,-3.299225218818518,-4.856265618620929,3.0959229843270117
0.4965550199527058,3.004688674296228,250.0,0.25280641726440534,-0.003774071090719801,0.006372069760981413,58000000.0,2.41551254735022,70000000.0,-10.022232990672503,2.2986024714357702,-2.471993554035857,4.216341706208695,-0.8616967562861273,-6.80680237254148,5.38553888584863
0.44868298507947374,3.02646035451268,250.0,0.24286845827774367,0.0071962836263555485,-0.005852281609671132,58000000.0,-20.958486874719778,70000000.0,-9.865146387039541,3.81979035625775,-2.609641397242408,3.9960449383985965,-0.8019411578201663,-1.0535307223340444,1.7342281634290178
0.45093858281678045,3.1834511716348857,250.0,0.24360056465062155,0.0006432492408072215,0.00025767487648724677,58000000.0,-17.597959518628652,70000000.0,8.485881858863635,1.250733769536616,-1.3032583809817897,3.144063297453614,-3.6139191512504127,-6.169744097835874,3.0632815697547597
0.4721069883291777,3.00463365100294,250.0,0.23970634373046018,-0.001382700839802988,0.0023439795837979253,58000000.0,-15.992761679241866,70000000.0,-8.311931220880396,3.763383461478586,-3.392159202221569,1.8050333251446062,-5.0759519430799935,-1.3829413657783012,1.4383817870486297
0.4722932420144906,3.0741997039527393,250.0,0.2332769358038631,-0.0032344163614281634,-0.003466888843605823,58000000.0,-22.28634221980857,70000000.0,8.623660825595051,2.5264511901863815,-3.1818017754687786,3.9972012865389193,0.7411113556437554,-6.450204007690887,5.224237883550334
0.48486099065727417,3.0040686446819924,250.0,0.23523910039515614,-0.004092371630600061,-0.0006600360474721702,58000000.0,-12.704448483648319,70000000.0,6.402112292991508,2.844271255844087,-3.3966052956379014,3.0781903313278427,-4.8786989115487,0.018678766345020303,1.5769832444376692
0.48989024636440015,3.0628269123672833,250.0,0.24070631084867355,-7.60790647365442e-05,0.004743756431139968,58000000.0,-16.13363244101951,70000000.0,5.832392212637018,2.9543293585955563,-3.2997130277079676,6.9902270123246115,-5.334933631754525,-4.837242974562258,1.737346908005962
0.48963305098250537,3.259851348314663,250.0,0.2161136829714041,-0.000937819752571185,-0.0004804863260651006,58000000.0,-24.852825102437393,70000000.0,7.570625596326766,3.610108574487218,-3.1913181563326343,1.875950598183222,0.3979851012854433,-3.487340755154449,2.9456235206662313
0.4990800712328902,3.1067634085010756,250.0,0.24349957672230993,-0.000806454300823746,-0.0003759495628636769,58000000.0,-19.126218751347764,70000000.0,-6.445261131312126,2.6374043523579767,-2.7525157407031218,4.9896246895457415,-0.7944693850219341,-1.2477669840145253,3.3139063454269655
0.42180359988561356,3.007963444854591,250.0,0.24412657422419737,-0.001393270702648108,0.005623425610576584,58000000.0,-16.23814251165002,70000000.0,6.256026456183513,1.7787452068099106,-2.792325788056476,5.785991124837928,-3.9913256776676524,-4.7161467963007615,6.110304912507138
0.49350897656081705,3.112626429314113,250.0,0.22901429958058594,0.0071962836263555485,-0.005543022418573178,58000000.0,-12.383746708495568,70000000.0,-4.723149859301094,2.7150305551396254,-2.8456873567386363,1.831564890554018,-0.44418136680569775,-1.1248481589318424,2.1561835906328697
0.49110769173595376,3.2635816110136195,250.0,0.2341352899968531,-0.008000088697546322,0.008167964216654638,58000000.0,-16.131931554384423,70000000.0,-9.49741491475608,2.6946115066259066,-2.611026855675951,1.7197438605518154,-4.800099492104559,-3.4334108039341036,2.798835738133226
0.4841109022822584,3.0082629360531548,250.0,0.24285779158934084,-0.002504147314692562,-0.005000266354288802,58000000.0,-14.087082524032429,70000000.0,-23.15505059712555,2.6946115066259066,-2.6154176827241393,3.2704639913693385,-4.655849045916344,-1.053154264365648,2.1619292309269946
0.4891729703821559,3.0246941195410146,250.0,0.24056432808466305,-0.0020653673917449687,-0.002489132466353063,58000000.0,-21.376815785847295,70000000.0,3.147823742051563,2.9892207703229294,-1.6180262937849546,6.855598377100953,-5.464694769275866,-0.3636187686492698,1.718349398199522
0.4758954339583285,3.0041241669873693,250.0,0.23980069517573188,-0.0018652124823316046,-0.0006941911759863512,58000000.0,-19.2375956939427,70000000.0,6.192851807400266,2.7475403429862384,-1.263920074945092,3.269465692266318,-3.2311155141976173,-1.3034910109630147,3.1764247036354494
0.4929929543128671,3.105624303737969,250.0,0.24269866365006404,-0.0027860567931946695,0.0036426249744447876,58000000.0,-20.925030883511827,70000000.0,3.1453628063397554,2.918070782368695,-2.6852530560042025,5.01275494137027,-0.45078186220509076,-3.6869789573703553,3.4247560037147284
0.4885112682368339,3.0861286093331457,250.0,0.24197800543153994,-0.003034003131928201,-0.0013501198858543585,58000000.0,-16.55716028391408,70000000.0,-23.040772916673028,2.849217269675223,-2.7649828925248503,2.9941836929168706,-4.225475989677562,0.6868631417355111,3.411145934751563
0.3912781310148109,4.314436099347773,250.0,0.24639817519286467,6.546655593561062e-05,-0.0005572404629799479,58000000.0,-13.85276638062953,70000000.0,3.1927050966341213,2.4004244508989254,-3.209209068591352,2.524188676373308,-3.494264381451746,-1.8241711509964036,2.811291821144117
0.4885195916850224,3.017244924125096,250.0,0.2291213023706841,-0.002667975448786634,-0.0037563936088005744,58000000.0,-16.04201759240557,70000000.0,-21.482830956902475,2.6974238629019265,-2.7734647592531476,3.2875874796498525,-3.3767769006445367,-6.319966879774015,3.3540950054992438
0.49609805319251027,3.2837090248702374,250.0,0.22821827985532578,0.009682649257224714,-0.005490241177462496,58000000.0,-14.441935947391151,70000000.0,-21.163861448507472,2.8641133678234136,-2.66538251311293,5.746592185970949,-3.1198981581524734,-0.8918825171290284,2.3744657944226493
0.49938584540656494,3.2275342668573392,250.0,0.23167791076869212,-0.0036882693883845737,0.006277390814261094,58000000.0,-9.988770094362605,70000000.0,-6.392836715154132,2.8861303278294383,-3.16324542659032,4.56926423899027,-5.811433271731731,-4.816415337235962,1.6570949386975127
0.41898982555855313,3.230278707811872,250.0,0.24530225255854754,0.0031700967104792577,-0.001668353342797052,58000000.0,-12.011364841647115,70000000.0,-24.244683939183844,3.0229459680309856,-2.755081230181193,5.143652501833908,-5.8395638512573855,-5.982455469105736,1.0126984879714933
0.49985830437939116,3.017279856990295,250.0,0.24295239934521332,-0.0023759603657104392,-0.00020439560871402342,58000000.0,-16.469746028246348,70000000.0,3.5755515468528047,3.0358120376955977,-2.6464484599326563,5.024099271793013,-5.583187583730861,-1.128278827838514,3.7568314988340354
0.39823749665916686,4.99068964960966,250.0,0.2464130899329691,-0.0009016226656049658,-0.00037180383686938843,58000000.0,8.07107817088042,70000000.0,-24.03461011561025,1.9097473872711628,-2.8181704826943066,4.123489749694517,-3.8374092858894366,-4.751961867371377,3.0760871214547354
0.41412629967606845,3.6811024195336843,250.0,0.24483664638407837,0.002251518746351251,-0.001459108952693066,58000000.0,3.0760500436055622,70000000.0,-15.317045223601028,2.3304304983036386,-2.0003410626466347,3.999319981966602,-3.581851541331894,-1.507552100084243,2.8431607247620905
0.4877269713724275,3.00823148297077,250.0,0.22835865301844047,0.008269172913698195,-0.006019175916081498,58000000.0,-16.160709833144036,70000000.0,-12.379591640454814,2.6946115066259066,-2.770230749967007,3.2607986331030947,-0.801883173307996,-1.0535307223340444,2.1583627680895416
0.49779660915922225,3.0094805324061227,250.0,0.24580017744534416,0.0031225402287760116,-0.002782885230468427,58000000.0,-2.907468186886927,70000000.0,7.742961356880798,2.926147500004827,-1.7330293143226374,4.829223716600985,-5.189143905583841,-1.0290316107110877,1.8046421031797868
0.48936809464031167,3.132455770053063,250.0,0.23959725505862423,-0.0007266670663254751,-0.0031199953787713957,58000000.0,-23.22761843033173,70000000.0,0.6295471125555894,2.7203081690118927,-2.768524038162451,4.998579008874478,0.3700489702349783,-6.478940767809132,5.409028016962617
0.46431227062248037,3.0021555913930733,250.0,0.23122822357666709,-0.0013218356026212493,-0.0009069273775983096,58000000.0,-22.527392756487988,70000000.0,2.5742793399793467,3.7777156941809493,-2.9118737757241995,3.1636843637064893,-4.405633275366934,-0.9969595120686945,1.4314347796743978
0.49924005460137166,3.00700962707445,250.0,0.23654176951553352,-0.0027479685998238875,-0.006570373707905591,58000000.0,-23.339552201522395,70000000.0,4.080713350025567,3.218130080053051,-2.5270503516459133,3.899397891123173,-4.157874110770029,-2.999883534873353,4.932356815324599
0.4451734754785677,4.301140365367286,250.0,0.24460546788808574,0.003437682291110232,-0.00044261832285366913,58000000.0,-2.165544833002653,70000000.0,-9.75502273828402,1.916541756991594,-2.0846518179716425,3.341079425658438,-4.270781687573203,-1.6094037744954872,1.771882412993666
0.4917818469202769,3.008178525292544,250.0,0.2397251736267203,-0.0021339765739425455,0.002386534356445295,58000000.0,-18.329316515000485,70000000.0,-11.895053100161181,1.8621508005971563,-2.6230236428310594,3.2732365419749754,-0.827979983904751,-1.4060159446801044,3.0324815945734587
0.40303633492749147,4.736003768280148,250.0,0.24645552215024627,0.0013222169780331716,0.0009054429302781589,58000000.0,8.067425806736448,70000000.0,9.117800945052931,1.8134501226359345,-1.6139474236201192,3.4398711477024375,-3.80427144048414,-4.681308951690208,2.567863451830408
0.4578535699581945,3.013448432205039,250.0,0.24457406373151597,0.0031398283328416855,-0.0025313306796942645,58000000.0,-0.7900821595276657,70000000.0,-10.047306771445937,1.2591197145619948,-1.7247720378416638,3.6127854449220975,-4.767439384781797,-6.153596298750649,3.140578173709195
0.4976979500777416,3.162055391185485,250.0,0.2404001811192167,-0.0022518089908391114,-0.003810148544919444,58000000.0,-15.095067350783737,70000000.0,-10.415914995295305,3.6283941929305925,-2.6093342471194463,5.007401974901349,-5.5924813471173795,-4.004096879104862,3.3493318800571608
0.41826575183770254,3.2233620279294324,250.0,0.24595150675876906,0.003932339850685553,-0.001883835320561186,58000000.0,-8.362704984033938,70000000.0,-7.804169232654909,2.56484267920313,-2.6211258810343185,4.454739379329943,-3.8218110379210795,-1.4084994194085365,2.7610664291156377
0.4328420163781901,3.73817915195296,250.0,0.24618097498322708,-0.0019293797924693008,0.0016878910813619462,58000000.0,-4.988121148233908,70000000.0,-0.0028285648518719952,2.184136452715605,-2.061029565002159,5.394167333300061,-4.566496165348928,-1.2440514275794679,2.560883809863919
0.45605482615533943,3.0044338452817727,250.0,0.2455372497003899,-0.0007941257572640992,-0.0008968539415386942,58000000.0,-0.7627991429986958,70000000.0,-24.867308764255384,2.2342037713954843,-2.0696018809563723,3.1139315717035125,-3.7460889325062334,-2.8718884328196275,2.12996848106419
0.49605542932442237,3.155733044333443,250.0,0.24580017744534416,-0.0009233249555066559,-0.0006110492261912964,58000000.0,-15.176219237980806,70000000.0,-12.025694230383824,3.5516480515676876,-2.0694312503238987,6.882652212319538,-5.044090487533667,-1.9608829582789002,2.9043543404397227
0.4990800712328902,3.024586987620574,250.0,0.24349957672230993,-0.007119992051709259,-0.0002276766727825599,58000000.0,-19.126218751347764,70000000.0,-11.330582530386579,2.7090653318865288,-2.471476336515451,5.451166895318877,-1.0582180737664055,-1.32775320421779,3.086919909965899
0.48313269700932066,3.0194268718277875,250.0,0.24376515763208664,0.002899652983661688,-0.00278662863219847,58000000.0,-2.437583347009232,70000000.0,-6.440777558877144,2.3948955634373483,-2.720418735812852,3.273859261144222,-5.452218872063243,-4.7820380574780526,1.8092224687414813
0.44826451118566607,3.533029178612516,250.0,0.24444488109755122,-0.002548830690079365,0.0004685014636084755,58000000.0,-14.189576394255626,70000000.0,2.317965275355454,1.3189552540472353,-1.934771528833022,3.0802810210021665,-0.15429569646134578,-6.376445919139254,2.2070511087493414
0.49714603882837954,3.0341216942308176,250.0,0.24061766484559136,-0.002569026194206958,-0.004568853466622512,58000000.0,-16.65589710194427,70000000.0,-9.71833641821142,2.550254339820596,-2.92322081889531,4.374971941048623,-3.1566495159677714,-1.5155827325899378,5.011886930893436
0.4894418030231703,3.0077186964181455,250.0,0.24344057683654094,-0.0027107373916155754,0.0012246652480727297,58000000.0,-14.13440695669959,70000000.0,-24.687506545818493,2.5495621578923786,-2.6222860183298033,3.0864097199180147,-3.1191353844187404,-1.813311935910436,2.1552986970129027
0.49066031520936537,3.088807375070331,250.0,0.24649410086072127,0.0029068199373943147,-0.0017331402106771886,58000000.0,2.1147038020321753,70000000.0,-6.625916149361558,2.4686005076376474,-2.701794693798507,5.46938977217866,-1.7117226660455338,-1.782302564076113,3.312457825175468
0.4483364631433956,3.155368467402164,250.0,0.2299306076325615,0.0030044990251143116,-0.0016483832253856192,58000000.0,-11.587211493134186,70000000.0,-15.317045223601028,2.3290426891488263,-2.5688369868458123,2.540728470494246,-5.753287536519449,-1.5190069471470222,3.1544756738088493
0.49751055894805524,4.317924778639522,250.0,0.24630126472711994,0.003164312672191893,-4.290997961488253e-05,58000000.0,-13.85276638062953,70000000.0,-0.279032397220603,2.8523174741513087,-2.0643058647814874,2.735532223366123,-3.402017990805333,-1.351315173108605,2.811291821144117
0.4981996176464835,3.0035962316680505,250.0,0.21300432416514428,-0.0032920115751513906,0.009581983720187077,58000000.0,-11.953912943164962,70000000.0,-19.0899440929901,3.7888883025464923,-3.416212309765226,1.6900482017338216,0.13437087333123088,-4.044102198921594,2.712265637666094
0.49014082923406627,3.011248837323178,250.0,0.24440108421942017,-0.0003775952304339587,-0.0031349860497395282,58000000.0,-14.283843887604668,70000000.0,-23.03068932628762,2.7203176561264395,-2.8419501824386777,5.38440882937355,-0.13664239798029998,-4.891772336501604,2.8301516208399704
0.4996580679514294,3.1191401025117806,250.0,0.23318927007770093,0.007930780456406819,0.006758242796184144,58000000.0,-17.09123348891547,70000000.0,-7.762568648778364,2.8887788648082227,-2.831409377395055,4.615546099960067,-5.366046974813633,-6.746326461868366,1.7412592589225195
0.49023302240901884,3.0077186964181455,250.0,0.24275849754457918,-0.0027107373916155754,0.0012246652480727297,58000000.0,-14.13440695669959,70000000.0,-24.687506545818493,2.6567674868541022,-2.6222860183298033,3.0833071259224973,-3.655780590719213,-1.1152897920466054,2.6412982681838706
0.4829501410304395,3.6980307052630526,250.0,0.24442214790537722,-0.002076368275944862,0.0051845404529497815,58000000.0,-20.64072630913619,70000000.0,-17.685995381978735,2.697842038629832,-1.8634471595974036,4.985524857323184,-4.905596842119722,-1.1725616285600209,2.711625842894113
0.467065080185555,3.0121372102238517,250.0,0.22187901569909682,-0.000867786002304376,-0.006518364303050443,58000000.0,-15.311653615377061,70000000.0,-11.748991444014086,2.156846433133948,-2.5926831237708634,3.237717044018802,-5.030955967538276,-0.5407488976199225,2.2138649525059217
0.49465460289471797,3.000294227369891,250.0,0.23694254675699275,0.000425043150497081,-0.0007146898211645986,58000000.0,-17.11890059379578,70000000.0,0.08314341672885961,1.6326693459226247,-2.653881288266176,1.5478185791321524,0.49211399613377127,-6.4462953187990255,2.675149383524436
0.4886135488663588,3.01369321789969,250.0,0.2385337292022122,-0.0015685429313516716,0.004234844693503931,58000000.0,-22.72031296214194,70000000.0,0.6108967320548335,2.7170075115300043,-2.838945924218991,2.7250611847964334,-4.49000119158031,-2.8993822993865948,1.0270947039363598
0.39135018019058815,4.042368462625906,250.0,0.2441636256066395,0.0028752868258662945,-0.0019033077528182877,58000000.0,-22.94909279458988,70000000.0,8.378923111956585,3.111472362135071,-3.207415803785058,3.163160144882585,-3.566738276316109,-1.4271967145700315,5.24428929197726
0.4960820046290894,3.011621152214904,250.0,0.23516066656844115,-0.002245269367215264,-0.0004169216302295979,58000000.0,-21.769689224262148,70000000.0,2.9595171371529947,2.715458501633609,-2.8272133933519115,5.148544510761325,-5.031654222231445,0.8973109205578829,2.8271819730006724
0.49763443417095066,3.0026528476823673,250.0,0.2358466292693157,0.00561816095315258,0.0020913055284142073,58000000.0,-22.400003320233097,70000000.0,8.3602993695952,2.7907347186362133,-3.075062327735756,4.798695847546346,0.7061046204033545,-1.0550406576051943,1.7293425895553203
0.40835217361805054,3.0589490145259903,250.0,0.24483664638407837,0.0006191164706999186,0.0009760180557811892,58000000.0,-19.040436761537354,70000000.0,-15.647315484214445,2.7079816001177974,-2.0817453420935252,5.09548458211843,-3.581851541331894,-1.4947411760989318,2.730166690201752
0.49613620318525914,3.273338481581097,250.0,0.22206918029202075,-0.0010807712113591315,-0.00025770891822866166,58000000.0,-24.983904535780006,70000000.0,-9.757760538757974,1.6752767767748522,-2.9768800930854398,3.325771178852949,-4.243736258283859,-1.1108349406894762,2.8780405924743815
0.44574795297006714,3.99280837455253,250.0,0.24535172132385086,-0.0017746279607676954,0.0019131100232138772,58000000.0,-14.138267745527111,70000000.0,6.668686035017752,3.807355152455245,-3.1251707023649584,3.1951590746178837,0.5498422795826605,-2.489281915851952,2.92836690615799
0.49673558104265014,3.0097492055023523,250.0,0.23669918102288648,-0.0021467763495034765,-0.003034602042143337,58000000.0,-16.01836964938805,70000000.0,-4.607121898014567,2.6898044087134165,-2.45202975137557,3.929455152630619,-4.7784790296592075,-3.441316470284421,2.7721299188604758
0.493425992613924,3.109527009311539,250.0,0.24165099968218165,-0.0009859758953494817,0.0056901639123118995,58000000.0,-23.55161072288218,70000000.0,5.77616044475914,3.861510002115423,-3.4648092192097635,3.210271390968834,0.8440208674690148,-4.823269662427494,5.456368829577392
0.4885784543182664,3.0009537147251337,250.0,0.2430373347667784,0.0031109971381263718,-0.006489408774670448,58000000.0,-14.978115680197874,70000000.0,7.878023616208548,2.702637906770562,-2.6241891118342964,1.071816360905127,-5.089874445067354,-0.8832425874105023,1.833939417426836
0.46265399904979976,3.0829523746668253,250.0,0.24339853129826558,-0.0009765672088781268,-0.0014211880771253876,58000000.0,-12.059874527399119,70000000.0,7.609301950386291,1.2531432245462453,-2.717738247947925,4.873681169375849,-5.40512046156469,-1.0480506395804974,1.7444164023092659
0.49437212919508805,3.004508898671992,250.0,0.2351598170475809,-0.0031089764564727904,-0.0013630332881132833,58000000.0,-21.794515668712286,70000000.0,5.647005046189233,2.8281914520673466,-3.1351672626735283,1.6542979999116643,-4.058147893800119,0.7169787561654456,1.4550040332885212
0.49900418745333647,3.0211667490671728,250.0,0.24281567242506077,0.006909014403899002,-0.005879880119240358,58000000.0,-23.6512614122758,70000000.0,-16.52798436948206,2.4771940499826197,-2.6081796209708825,4.085576330128638,-0.8340347828223864,-2.7540182439321637,2.414624553761617
0.4982004471853761,3.058269620418464,250.0,0.23972482923843072,0.00042494347893271716,-0.0006706774528171741,58000000.0,-22.286809886735593,70000000.0,-9.83032999866272,2.5213081135335127,-3.1895933808932333,6.925280427853915,-5.11042123469395,-1.341075827557403,2.7311126064532543
0.4975047602113011,3.0581073323612333,250.0,0.2461012509415991,0.002231765415392619,0.0034337376680798493,58000000.0,-19.094700625285448,70000000.0,-9.86583843493094,2.326874669063418,-2.098563564143648,6.921083992427777,-4.552010744891092,-1.2427723810367235,2.7110838975520863
0.4961040561334139,3.0153615733457957,250.0,0.23514679560586038,0.008164934238981484,-0.006526641794187642,58000000.0,-21.888710424352848,70000000.0,9.389483220835324,3.955326538435779,-3.434048581502143,3.2607986331030947,-0.817556673038436,0.7683763735063616,1.4772656330377447
0.49158449708782287,3.072719342062487,250.0,0.22576635216789706,-0.004625464335787635,-0.0071305540116496854,58000000.0,-12.39929776705128,70000000.0,-9.855950285204614,3.7937544342562726,-2.553299200632365,3.2468551745151846,-5.0352349281687605,-0.7479759466415832,1.7074383460100018
0.49591454612260566,3.011672337801008,250.0,0.22202330217599056,0.004451491588161943,-0.006478981071013357,58000000.0,-12.803642618151665,70000000.0,-7.832588378325325,1.2212617857873191,-2.6001444618708773,5.534005755181431,-3.323607299479451,-1.1918601661730024,2.343739295373759
0.41497339537950834,3.0017917146552393,250.0,0.2401832927778627,-0.0022211182304797553,-0.004661826420826211,58000000.0,-17.378354504862617,70000000.0,-23.96042376346945,2.326399437011219,-1.9530756568684582,2.343930917920549,-0.6846448034606569,-1.6167319442234895,2.6191353287503567
0.38200399923797546,3.79844270585565,250.0,0.24609952490494205,-0.00138833252309038,-0.0005409678160337351,58000000.0,-15.42377772870734,70000000.0,7.280248209552081,3.1238863492634503,-2.539255850046833,5.937224107801672,-2.986945475910837,-1.8548666922310892,2.551654628397978
0.4995206643847382,3.0587759908338454,250.0,0.2313520764992532,0.00046058852618848065,0.00017666904099263264,58000000.0,-22.285649222639133,70000000.0,-12.142956145049181,3.7586758956994455,-2.7914393808999227,6.948966631861202,-4.437646794939349,-1.3992890317513367,2.6624846876645147
0.4509702529830031,3.0062318976623237,250.0,0.24444491073049765,0.0023193332282669546,0.004696979159129491,58000000.0,-19.593877887855058,70000000.0,7.352106386311827,3.39850490966786,-2.4868712496734813,2.9258110576323855,-3.3864586215169803,-2.915255670867491,1.0491984260529046
0.49063829038198903,3.013258511426913,250.0,0.24565059813662707,0.00752349128417436,-0.006047312301195433,58000000.0,-13.915501895628097,70000000.0,-10.930506206850875,1.0737030804432173,-1.6727132479365248,3.2899324147737055,-4.506856559601078,-0.811321047395805,1.7872043386003116
0.4993616452973764,3.009452342636658,250.0,0.24580017744534416,-0.000965265544835428,-0.0006110492261912964,58000000.0,-15.176219237980806,70000000.0,7.624596725799967,3.4015393271851146,-2.0940988293229457,6.948480687341936,-5.044096299133504,0.29622385573375154,2.9043543404397227
0.49542992106880906,3.1106333686223757,250.0,0.21466283897415525,0.0066348141478037624,-0.006178788739242069,58000000.0,-14.9938959439725,70000000.0,-9.52707658309352,2.8612188094622155,-3.4540143963389713,3.2547546803650422,-5.19140920868448,-0.8071952296214546,2.279688994108079
0.49964687649731643,3.0135178907952866,250.0,0.24133486007251886,-0.0008063666955420976,-0.0038839117247727343,58000000.0,-16.002998760688477,70000000.0,2.5033741382317256,3.0447993629276713,-3.0825942911047015,4.485623808024171,-5.469642570180715,-5.327390519853897,1.5360397096676126
0.4943668840927335,3.0038980127533055,250.0,0.23852267923026788,0.00379025498365316,-0.006492391178190375,58000000.0,-15.841446108987892,70000000.0,-8.206020739483563,2.4968021264985896,-2.7415625940670125,4.817941834041938,-5.358722745001852,-1.5160178686264723,2.243154908971622
0.4942033895193519,3.1326308982901283,250.0,0.22280138295894833,0.004704495317548048,-0.0027128956406963205,58000000.0,-23.435664307377888,70000000.0,3.7861230265653947,2.8704690665655095,-2.6067125456321993,5.316803961546313,-5.112065186279768,-5.032061627129022,2.3333141838891205
0.4995668830997729,3.058172641099671,250.0,0.2294999978685116,-0.0010514669803768333,-0.0008798783446891193,58000000.0,-21.778473390508054,70000000.0,7.060109013465923,3.7777156941809493,-3.277671938267895,6.941219439301589,-4.053595905479722,-1.2487279362403116,1.7672103920861242
0.48931781608225117,3.043855510141575,250.0,0.24568985702966437,-0.000905074028134261,-0.0032094957384607567,58000000.0,-15.480630364038346,70000000.0,-24.67076011314032,3.4100630817535027,-2.624523814404942,5.1022420920821325,-5.050610966262383,0.4671324593905337,2.891881714098806
0.4831325755758779,4.0459170099650175,250.0,0.2435083694096954,8.575760086886562e-05,-0.0004790457814436485,58000000.0,-13.838020507091915,70000000.0,7.742961356880798,3.4100630817535027,-2.6244911381115488,5.1022420920821325,-3.494828446221539,0.462542979187921,2.8969658904676496
0.49878539160492574,3.0080726432538425,250.0,0.2435083694096954,-0.0010741991848734196,-0.0004790457814436485,58000000.0,-15.081533533907573,70000000.0,7.742961356880798,3.4100630817535027,-2.624523814404942,5.1022420920821325,-5.050610966262383,0.462542979187921,2.8969658904676496
0.48858260429154116,3.000174400236034,250.0,0.24155095042606034,-0.002505410617591323,0.00401347290093707,58000000.0,-20.95227494195976,70000000.0,-19.460227407613804,2.7199205536624906,-2.8025651321134437,4.823891055969808,-5.070473859529034,-2.712476175874688,2.788180831985586
0.46256689560668135,3.004362614241572,250.0,0.2444510707627251,9.425108686539558e-05,-0.0006946986435778125,58000000.0,-14.882855956055755,70000000.0,8.092889895719681,2.169857287428274,-2.6789513914255734,5.015100222774327,-3.401253008134506,-1.2096018465435727,2.3196895308174525
0.44092332445415583,3.1241238767227393,250.0,0.2451841115971703,-0.0007920396118804092,-0.0008502846453546215,58000000.0,-0.741493114038775,70000000.0,-1.4646860871601746,2.735098340598185,-2.568441612493181,3.2160392216118994,-0.8113696562761987,-4.8917752732543205,2.1519315113970245
0.4980819285917967,3.016953086931091,250.0,0.2188910356665934,0.007244933862610992,-0.0031517704921327208,58000000.0,-24.03471663791088,70000000.0,-9.356598764052523,2.138258831556907,-1.958735071129196,5.621185858491229,-5.19140920868448,-2.4964662262693476,2.279544609068287
0.4950774292619579,3.0029155923605715,250.0,0.23944248649352268,-0.0020929684886989625,0.0026372666622248983,58000000.0,-22.638635660648045,70000000.0,-24.505434246143984,2.841046634545209,-3.0284560067069375,3.7892492613579978,-5.212567902944613,-6.19074491797506,4.053317459081226
0.499013986282095,3.0040181007901676,250.0,0.23999858277088293,0.0009766924934185826,-0.0033176816413742795,58000000.0,-24.48730232565184,70000000.0,1.2009351162750592,2.8645866593492837,-2.7681730062778325,4.90688725911505,-0.17441388952954284,-1.1734032397528655,2.1755702850472955
0.49963405819570067,3.0736589207210465,250.0,0.24112693678480035,-0.002046312500116864,0.005411980904445619,58000000.0,-22.5872278685104,70000000.0,2.8573801783575337,2.995781559350224,-2.366490175458539,3.536052892793526,-3.425628200262109,-5.000798752591782,1.7977584184596969
0.4999810174164183,3.0101438099885596,250.0,0.2188910356665934,0.007200625086288457,-0.006172093734601218,58000000.0,-15.233797051563172,70000000.0,-9.641964482904246,1.84520478845291,-3.46268913524477,1.9659326147828338,-1.8027680165551614,-1.0535307223340444,2.6792956764543465
0.4810364449480394,3.02058422160196,250.0,0.23940331047050015,0.006997074061715994,-0.0062338567857304315,58000000.0,-22.57013611598513,70000000.0,7.5371062170984,2.6959594497376145,-3.333335942991026,1.6341518952152576,-4.308592018206989,0.4657694841897988,1.6458428949542532
0.49667713456557017,3.002215944413569,250.0,0.2370920171445287,0.003440119043754952,4.5546017060723535e-05,58000000.0,-20.823403863565662,70000000.0,-9.601331615366894,2.9041928197676996,-2.715933965922978,3.170658245537533,-3.410417129296121,0.9457640305572628,1.8199839562228928
0.49682050009042983,3.002554620650832,250.0,0.22730895115976893,0.0035447062765391483,-0.004068442986797266,58000000.0,-22.124428400451666,70000000.0,-9.505948067457943,2.8853687952152893,-3.1129258563780833,3.570809736627308,-3.3821790210650975,-4.146128759781018,2.1583627680895416
0.49624933906053526,3.0086860417576404,250.0,0.23401050941802234,-0.002736839757978137,0.0036709038449673752,58000000.0,-21.21378525390088,70000000.0,-9.763087739992265,2.7891984827836263,-3.263593702903881,6.694677258360652,-4.04056899308361,-0.8949612201175426,2.256580417488166
0.49607481040636264,3.011621152214904,250.0,0.23339975010099803,-0.002245269367215264,-0.0010563381598971632,58000000.0,-20.195341053123403,70000000.0,-23.387996929451724,2.715458501633609,-2.8272133933519115,5.148544510761325,-5.022132682948475,-4.891772336501604,2.8780161171990395
0.49614043799062146,3.0119021457206223,250.0,0.22401556899809974,-0.0009338234687612623,-0.0003636428375637371,58000000.0,-23.125065921292407,70000000.0,-14.474323113201674,2.1477294256741404,-1.9570924047279228,5.44421091001017,-5.082380988566599,-1.1446602809570572,2.2779974463027255
0.49998213740825354,3.0094098432527367,250.0,0.24427169392646397,-0.0009233249555066559,-0.0006110492261912964,58000000.0,-15.084126044722028,70000000.0,7.742961356880798,3.364296179418642,-1.7113298933077146,6.882652212319538,-5.04406148515154,-1.0287267650267637,2.9043543404397227
0.4983553707249451,3.004361534943767,250.0,0.2193741847160471,-0.0009219182994521444,-0.0004653031822905298,58000000.0,-22.291833687879247,70000000.0,5.731807409975558,3.761199590071237,-2.6253421549563494,3.3238616235133907,-0.9821857860008485,-0.501599508966116,1.4417503369836553
0.4993390564439411,3.0093541785998745,250.0,0.24348058979063328,-0.0007702432191879881,0.00020168615565537766,58000000.0,-15.063353828978599,70000000.0,7.708984444347296,3.4100630817535027,-2.624523814404942,5.1022420920821325,-5.050610966262383,0.462542979187921,2.8969658904676496
0.49878539160492574,3.0042579051848524,250.0,0.2435083694096954,-0.0008100539708550151,-0.0005802480416811772,58000000.0,-16.603276595523045,70000000.0,7.493580209694114,3.130914357284047,-2.6370864633627127,5.109363845548123,-5.050610966262383,-1.2080822328764516,2.8576859827167036
0.4993066396380679,3.013683650682512,250.0,0.23972482923843072,-0.006341781373160384,0.0020432440594914075,58000000.0,-23.83784181018396,70000000.0,-8.517007427269,2.7329346218287944,-2.9991048556247937,4.194864713516489,-3.299566393464316,-1.1704492196174907,1.72904446419496
0.47248590996246737,3.010501262367287,250.0,0.24352319962407087,0.0034335474063252967,-0.0030982020462971614,58000000.0,-22.942141329468715,70000000.0,5.666680309774145,2.9180946440953717,-1.7270667164664846,6.923334289709764,-4.48421485462535,-1.5369339452702822,3.4292525708873534
0.4988095669119875,3.0115957295926266,250.0,0.24342979102846016,0.0027772403304366154,-0.006227330855547664,58000000.0,-22.818332071816233,70000000.0,-22.99068904000077,3.0649137531956123,-2.868599852719461,4.220419803250287,-4.3946346012940465,-1.4912540131904635,3.4199225872475565
0.4947349225360019,3.0005393065072976,250.0,0.23704722920824237,0.0036965329604745035,-0.00406672133035723,58000000.0,-20.863148864870922,70000000.0,-9.958637916286264,3.6432052231961918,-2.787503307026521,4.135589394860349,-5.081827140230477,0.953364846648622,1.4680522402840779
0.49466058667997753,3.0200006589148947,250.0,0.23122799312033912,-0.001535997993602514,0.0024599407915341116,58000000.0,-22.651300956269253,70000000.0,-20.547232595116117,3.7593852119979037,-3.2708878135374495,3.084804035236201,-4.286923658301986,-1.4579405611732459,1.431311196541877
0.4998437141501533,3.061346976149316,250.0,0.23626370142811934,0.0008106057553324902,-0.0007254722339923004,58000000.0,-16.18824633017107,70000000.0,-9.863138735798948,2.8482474679707437,-2.7681730062778325,6.267359463887525,-0.7691002823568018,0.9285634332555283,1.4522332092819563
0.4955141294185077,3.0089160971690982,250.0,0.23320391026405854,0.0008648125414323104,0.0009095101240740096,58000000.0,-23.7181599869136,70000000.0,-9.390814792036137,2.876485308235316,-2.7549571072345262,2.8950203727879975,-1.0074420385342422,0.9708788493368812,2.179274495266659
0.4988134779072399,3.009593890678717,250.0,0.24348058979063328,-0.0005689588337457416,0.00019748574993068497,58000000.0,-15.207277245677227,70000000.0,7.709515331721821,3.4100630817535027,-2.8659744588894087,6.27720485761702,-5.050610966262383,0.9854636502325009,3.9009266529628523
0.4974547218308258,3.009452342636658,250.0,0.24580017744534416,-0.0009233249555066559,-0.0006110492261912964,58000000.0,-15.176219237980806,70000000.0,7.745849765645489,3.5516480515676876,-2.0694312503238987,6.882652212319538,-5.044090487533667,-1.0290316107110877,2.995096837842686
0.4351227067812203,3.1256630526692604,250.0,0.24434900033673207,-0.0007897285733203404,-0.00035850789745977196,58000000.0,-21.739328372213084,70000000.0,7.574018082397561,2.8888017221434854,-2.627792711912515,3.124482156913734,-4.8859521287834475,-1.1884436488168455,2.2445544266364204
0.49463551456004395,4.627952280583083,250.0,0.2304072677974224,-0.004296995331337825,0.0019155536368979302,58000000.0,-22.734612056570842,70000000.0,7.496724234316474,3.8135532671015,-3.1851661874876385,5.164944961186445,-0.5301296763874719,-1.152187612596982,1.9772752108684342
0.4972938196684959,3.0423623820852495,250.0,0.24478798896447873,-0.0013099276846063061,-0.0015479493552401787,58000000.0,-15.176219237980806,70000000.0,8.282468086720224,3.7747473359397836,-2.0504258581482793,6.882652212319538,-4.645214680919974,-1.0660079666732667,2.9043543404397227
0.49986261511849994,3.0103119645042167,250.0,0.23787080631232957,-0.002089018977998393,-0.004044693070685133,58000000.0,-22.636833683816246,70000000.0,7.162207028304241,3.774194990740211,-2.709664932432153,4.432745798253633,-3.438519418670963,-6.815499009567093,1.5260520649472298
0.49617589708938076,3.009452342636658,250.0,0.246083361484197,-0.0009289344277925852,-0.0007193028548927063,58000000.0,-13.247178254953896,70000000.0,8.760106953609402,3.5516480515676876,-2.0694312503238987,6.636154407350713,-5.048124764192129,-1.0290316107110877,5.435794554030933
0.4984230760357497,3.0263909385087757,250.0,0.2265529944545855,0.004288461022837741,-0.0004006144746373395,58000000.0,-24.076979290660088,70000000.0,-6.292433768131868,1.7111372216833094,-2.7668241202850297,5.065986258164492,-5.0664417436549005,-0.9337829223717065,3.472601568457665
0.4944237037292068,3.004540794820265,250.0,0.21461857341516927,-0.0010863294252804016,-0.0020009609537399125,58000000.0,-24.371620002997247,70000000.0,7.931876964229537,3.0649187601010777,-2.683586630503561,1.4362552817264778,-3.506937439168153,-1.052166763021965,1.440431988848074
0.49890293543628805,3.0093509378799244,250.0,0.23794146058399646,-1.436371065331103e-05,0.0030050256482926506,58000000.0,-21.681933337636284,70000000.0,-9.626646803174086,3.1309826652969543,-3.1611805093091108,6.824941958488121,-4.1208102519957714,0.46106390223588756,2.5147141959460577
0.49669064247159667,3.0014803552188156,250.0,0.22839433849347332,0.00836907641633166,-0.00617507320132218,58000000.0,-23.585389861050366,70000000.0,-9.717183992316645,3.334493311939244,-2.769199816136791,3.2413707187261656,-0.5787844728518807,-1.0307027082556086,1.4600373854022946
0.4991747218363451,3.016966067303485,250.0,0.2189033687461244,0.007009492656521912,-0.006332916205632895,58000000.0,-24.012395802419025,70000000.0,-9.554457143175567,3.623109563463938,-1.9286356060259806,5.599579446377263,-5.0830562464384,0.39501873423300626,2.8048573687885847
0.4992435908758645,3.051211544182042,250.0,0.21884739707376427,0.007700972650957534,-0.006145449714641525,58000000.0,-24.585171851703098,70000000.0,-16.862915211496638,2.966935092465387,-2.603994311904133,3.2509833891281517,-3.4662803914818263,-1.1244782367986967,1.8975795431297222
0.4955980097774442,3.009452342636658,250.0,0.24580017744534416,0.00016212391044356263,-0.00048767077258520387,58000000.0,-15.176219237980806,70000000.0,9.510667991329957,3.4015393271851146,-2.0940988293229457,6.882632326604362,-5.044081782920136,-0.9709642519928665,2.9043687024280755
0.4990267170959359,3.0247258300087774,250.0,0.24347093818094911,0.0018540922694674348,-0.0006562997342280226,58000000.0,-15.610957707211913,70000000.0,9.26186348590571,3.6284751325536084,-3.1868175608557348,3.241729890045549,-5.183899567761903,-1.341075827557403,2.8983268461140357
0.4455791017792834,3.0071273526409468,250.0,0.2441118817027509,-0.002168603349809452,-0.0014364632050853086,58000000.0,-22.584925390019382,70000000.0,8.535811961127482,3.429579270064739,-3.1830108530674197,3.163160144882585,-3.289694181521618,-1.468807564416796,1.7050494824679427
0.49504542345142716,3.0717616808196144,250.0,0.20828137523184043,0.0082793086226698,-0.006517905111283139,58000000.0,-23.5099970628857,70000000.0,-13.62930504795869,1.0453814973240694,-2.6085640183793055,5.46007755928621,-4.372928254494234,-1.2412756532647538,2.2151521900732067
0.4980832263164826,3.0006174527377114,250.0,0.22709231972094537,0.007226669116986382,-0.006185477371349497,58000000.0,-21.691730387455166,70000000.0,-12.219983997798062,2.497961619424394,-2.636017236478076,3.255124234206203,-4.461569748733585,-0.8918825171290284,2.5358044698275073
0.49891943627076857,3.009452342636658,250.0,0.24580017744534416,-0.0009233249555066559,-0.0006110492261912964,58000000.0,-15.176219237980806,70000000.0,7.742961356880798,3.55039612405347,-2.0694312503238987,6.882652212319538,-5.044090487533667,-1.0290316107110877,2.9043543404397227
0.4243647874254109,3.0092339706599596,250.0,0.24350837348822732,-0.0009785368344186758,-0.0004787191412489332,58000000.0,-15.509438504875423,70000000.0,8.044084679016118,3.4100630817535027,-2.6358227388312634,5.231134119576515,-5.0509508757595,-4.398755287619431,2.897251731172198
0.4984933384233248,3.0018444229844503,250.0,0.23310482832812332,-0.0034514035175894995,0.001774328224685532,58000000.0,-24.336627691797617,70000000.0,-6.069349022521894,3.085848059966533,-2.6398039072445165,1.985395109124959,-3.3259620186353342,-2.4123703597984054,1.4860813328192195
0.4644701257493826,3.0860705400288557,250.0,0.22660392815007224,-0.005180432221229335,0.0031273342965322123,58000000.0,-15.908667023873905,70000000.0,-12.462567761437706,2.119395528179765,-2.832603868616809,3.837509749026934,-3.2798047430391866,-0.7792644148623715,2.2754005160642725
0.4985084573939967,3.000708041535878,250.0,0.24405571567490641,-0.0009602726708702711,0.0017099653085526144,58000000.0,-22.526779424062155,70000000.0,4.014785161916047,3.603759261532911,-2.949679287381893,5.038539837474706,-4.757575512464662,-1.3993516139539548,2.6852865636141248
0.48572317919101504,3.0205720103533134,250.0,0.24004823431229283,0.00033436141248934653,0.0010502496345058177,58000000.0,-23.40837709676353,70000000.0,-7.234912124444138,2.7292600797842077,-2.9090752530462507,4.456488061383737,-5.203766391892397,-1.5199294806590302,3.308476608524399
0.4960822192920889,3.009452342636658,250.0,0.24580017744534416,-0.0007502323336646922,-0.0006044463253013732,58000000.0,-15.176219237980806,70000000.0,7.742961356880798,3.6263532494185773,-2.0694312503238987,6.882652212319538,-5.044090487533667,-1.0290316107110877,2.9043543404397227
0.49879383126826854,3.009446345513463,250.0,0.24222608701922596,0.0029557318611309136,-0.0022786585677589174,58000000.0,-19.366339584974252,70000000.0,7.7303884939776255,3.56432600658876,-2.87530282135714,5.0824923301804805,-4.77695872739395,0.4405607610968092,2.2504779045490397
0.49682112541427803,3.0010962415567324,250.0,0.24114476027347656,-0.000964880325875289,-0.0009598314572528365,58000000.0,-21.27641546329607,70000000.0,5.882797356292433,2.8472118781118927,-2.8354054879928383,5.017624342150179,-4.346398079548626,0.7350369007357216,1.6478257115297203
0.49775590840422695,3.0244399985917516,250.0,0.23767603630851225,-0.0021119477099636186,0.0021232360593710165,58000000.0,-24.812102304835907,70000000.0,7.639117374411803,2.560582457837558,-3.184927361044812,6.279999675885862,-4.8785712540927095,-4.264272667396345,4.964998106327669
0.4995431366415168,3.0021555913930733,250.0,0.23126220624971844,-0.0013216294815027885,-0.0009069273775983096,58000000.0,-22.57257379426976,70000000.0,-20.03801292679694,3.7777156941809493,-3.0088768706737414,1.9475372934518047,-4.466042143850762,0.6610080834628032,1.3432816843548152
0.494801717130662,3.002873717367566,250.0,0.23826507701463545,0.0034634911364202904,-0.00035144571612822544,58000000.0,-22.122849065211998,70000000.0,-23.5067275901258,3.3735466666775626,-2.069651943084445,4.112458828226803,-4.289451082117813,-1.4022635115387567,1.4188120518372054
0.3890738494623135,3.0433822565244126,250.0,0.23722780239758348,0.0035245747946400776,-0.0005861537007895907,58000000.0,-24.412959409296484,70000000.0,2.3692896998252877,3.1102506031369184,-2.740380276085999,4.233362095976452,-3.3809698831608683,-3.933677623395038,2.1408775004645566
0.4977940303573308,3.024312320308582,250.0,0.2377587144423277,-0.0006529311473126982,0.003979640783292503,58000000.0,-22.39963670667993,70000000.0,9.205708992977566,2.8098200310098136,-3.111886913750695,3.6768301446338274,-5.453847345455284,-5.125828394370175,3.3745242258815793
0.49086092740902243,3.0094092388830056,250.0,0.24348058979063328,-0.0008604651124433306,-0.0005742835817084177,58000000.0,-21.720957879561496,70000000.0,7.742077258894729,3.409301916527144,-2.6246760049847158,3.667804722574223,-5.072700210843422,-1.7823015338084747,2.8940913833255433
0.49996522690923373,3.001077262322742,250.0,0.2189581903994905,0.007126760286187864,-0.0059034256184583075,58000000.0,-21.991844370785806,70000000.0,-7.514126715376132,2.8965951464673716,-2.6481697268935678,2.763503456053161,-0.9094387246853076,-1.061429965480725,2.1574666339157513
0.499537865583249,3.0681041989993405,250.0,0.23800244199292536,-0.0008968096635096135,-0.0005954951258121585,58000000.0,-15.174704677453823,70000000.0,9.226722957435934,3.5530723326514315,-3.4121762482324054,4.395546147640992,-5.020525726671595,-0.348137860411123,1.720409640918258
0.49962951891554963,3.0021815218571963,250.0,0.24034264439897754,-0.0011481734881399039,-0.00047752582836962855,58000000.0,-23.029941269970063,70000000.0,-16.51160482676141,3.234557702880911,-3.18176703156054,3.0905993556221896,-4.253010929396373,-1.34466250917948,2.372683331300364
0.39116600779093597,3.004577842051182,250.0,0.24451427218593527,0.0003069270308487342,-0.00048323760071434336,58000000.0,-21.498966303358355,70000000.0,8.561654569321439,2.823900189123291,-3.195138788346065,6.6938726650998355,-5.005765252276826,-6.796733425880574,2.405468438857446
0.49979362264543165,3.0110795463302105,250.0,0.23775162750676024,0.0012322763649399338,0.0015762006509906627,58000000.0,-23.884555827008068,70000000.0,5.731941005419421,2.4555726460225586,-2.4540120205777534,4.155202467444439,-4.42095230077217,-1.9828811322466564,2.193400696669569
0.4412466378732458,3.0120422803410216,250.0,0.2205885003425662,-0.0005770942412592676,-0.0009353860300203812,58000000.0,0.049147877832346865,70000000.0,-19.98501042388186,1.9516450895957922,-2.60280438410254,3.3298429407824273,-4.267170516384062,-1.6155753609211994,2.1254019755013926
0.39135018019058815,3.0431351901998913,250.0,0.24450058478603812,0.00033127365000949435,-0.0005430548314260886,58000000.0,-23.3065968782221,70000000.0,9.91394664771568,3.4088105631437244,-3.188716220823092,6.6947869394645405,-3.394301743168737,-4.04685705548021,2.9211822847448428
0.4995048736931061,3.032257472676294,250.0,0.24218354320143654,6.603379754829348e-05,-0.0032566161012968988,58000000.0,-23.668091584230176,70000000.0,-11.799843789907365,2.854457704705519,-3.1650993693493805,4.899137608657111,-4.251338726717446,-1.4765277864783743,1.4513780985526628
0.49608395885417056,3.0021555913930733,250.0,0.22708092658389203,-0.0011494014328004686,-0.000951085489900943,58000000.0,-23.172627838578414,70000000.0,-23.969098229500744,2.830288911888762,-2.479535968804046,3.08510289057441,-4.255884588120537,-1.4582239097129641,1.4004551955110074
0.4985611003622216,3.0230120098404,250.0,0.2408731371907378,-0.0007591881057134088,-0.00034962999866713153,58000000.0,-22.23564487899561,70000000.0,5.74951070742804,2.653155733673664,-2.8474803033926284,4.222601097426663,-3.167645027369577,-1.4892251768594176,3.6399957353016896
0.49701525690931275,3.0101775239965276,250.0,0.2416646724210768,0.0030360630549431796,-0.0006132369633212479,58000000.0,-22.16315502049493,70000000.0,5.087197577437257,3.7725964693363077,-3.0408092194155403,6.790542106861727,-4.252129221525788,0.4611618447887027,2.6728987943099045
0.4995535153217016,3.0041662987729016,250.0,0.2406595756447807,-0.00021483430460880304,-0.0006110492261912964,58000000.0,-22.531936780515316,70000000.0,7.742961356880798,3.0604099346671205,-3.0111492876886046,3.1444622275661365,-5.018302481262086,-0.8970621376952249,2.408367713161462
0.4332908201937446,3.07668928957899,250.0,0.24562995106238966,-0.0006563872722834309,-0.0003148385833695208,58000000.0,-13.760060740918181,70000000.0,7.742310362619845,3.3698005467474874,-2.781209359788649,6.882835754073618,-5.034570200986833,-1.8469261907544452,3.1543129615450898
0.49900882036680694,3.0098634450220616,250.0,0.2434692137256151,0.0011542936838900024,-0.0009186087008127642,58000000.0,-15.613245197252718,70000000.0,7.768599776018991,3.627929417299898,-2.199206066115053,6.832400133761615,-5.196139763383046,-1.0915814591654551,2.894680868238569
0.4947043484436841,3.009377210660525,250.0,0.2253180296156476,-0.004053356653452074,0.0019155536368979302,58000000.0,-22.24805873668957,70000000.0,-12.379591640454814,3.797681980727747,-3.1851661874876385,3.2607986331030947,-0.5301296763874719,-1.152187612596982,1.9772752108684342
0.4990688203920499,3.011115005618587,250.0,0.2189659385819602,-0.000825338021454395,-0.00037968279409421194,58000000.0,-23.509759593086986,70000000.0,-9.883179915252498,2.860905710846518,-2.599410182921056,3.5805512291414145,-3.441735765080303,0.48842845735911145,1.7564841925117094
0.4996002985180925,3.0109753387119067,250.0,0.2333652333166199,-0.0023088043698146466,0.003619964185181299,58000000.0,-22.927883232161296,70000000.0,-19.925322252897935,2.6992132991037594,-2.677899590616271,4.0824073134025625,-1.2205834053397813,-2.151280937435522,1.4087679671589701
0.49996050353778443,3.001077262322742,250.0,0.2189581903994905,0.007126760286187864,-0.006518231949932461,58000000.0,-21.991844370785806,70000000.0,-9.524367713958389,2.8967378472207614,-2.648972040238295,2.763503456053161,-0.9128978653407902,-1.0614215994423652,2.5711453543305165
0.49956529122657845,3.0260802383802456,250.0,0.2326690890198324,-0.0007840726180671778,0.0024664428367998305,58000000.0,-21.451539084434327,70000000.0,-20.045908309162044,3.796683430475191,-3.265579149049348,3.4055176371843303,-5.885862458066134,-1.2785882449554062,1.7507565287207218
0.4994159893697334,3.024197491145081,250.0,0.2403581285937894,-0.0011472693845625765,-0.0009367787079173746,58000000.0,-22.309293892381255,70000000.0,-15.814942940297797,2.8701374603557226,-2.870092504426027,4.885067371140656,-0.3378410089224344,-1.4321814924396936,1.6248962370141558
0.495598135037784,3.009452342636658,250.0,0.2457973575891213,-0.0009233249555066559,-0.0006110492261912964,58000000.0,-15.176219237980806,70000000.0,7.744642877244686,3.5516480515676876,-1.6300440091589734,6.8824642286403,-5.044090709832583,-2.2972879585911414,2.9043543404397227
0.4999921602854286,3.005428036579232,250.0,0.24107577260404275,0.004915277726115438,-0.0039207676001166755,58000000.0,-23.675179563577696,70000000.0,1.395058733904025,2.6194669783459026,-2.676245616594666,4.315311980787953,-0.8036163508320677,-1.432206094793804,1.8567429288086743
0.49878485901035274,3.0036056614938818,250.0,0.24486304066215084,-0.0006305683405821577,0.00018731908996684346,58000000.0,-16.6817434425548,70000000.0,7.742961356880798,2.7134791468121673,-2.466921370372553,4.820143595534818,-3.5254882563485417,0.5146570283432423,2.8969658904676496
0.4920534873681839,3.0028852460868722,250.0,0.24580015013712447,-0.0009233249555066559,-0.0006021313259678503,58000000.0,-15.176219237980806,70000000.0,7.744595477190997,3.403545674792082,-1.6300440091589734,6.8826519383091584,-4.580172654273267,-1.9958227338010879,2.9043543404397227
0.4951438123266547,3.0094977588361913,250.0,0.24579216955145705,0.0004039574715755383,-0.00039880420860268027,58000000.0,-15.43006494876607,70000000.0,7.030680833468363,3.5516480515676876,-1.7885504566498514,6.8836434851719055,-4.230223075998056,-2.1613262033267184,2.915858927324538
0.4566613914394702,6.012812504415942,250.0,0.24284506210564547,0.006557805952470247,-0.0033800952067802735,58000000.0,0.9816097258681626,70000000.0,-0.7958923282669428,2.3024679969943334,-3.3596509913155344,6.617465799920988,-6.891172518189055,-0.5304080941918894,4.378810786253299
